Ticker,Date/Time,Close P,Volume,Ty le tang trong ngay,Do bien KL,chieukhau_1thang,chieukhau_2thang,chieukhau_6thang,chieukhau_12thang,chieukhau_thoidai,MA_status,MA_status_up,MA_status_down,Earth3Dailystatus,Earth3Weeklystatus,Pice/MA20,Pice/MA200,So_ngay_tl,Price/BBTopdaily,Price/BBTopdaily,Pricevsbbband,PricevsMA,Earth3_Position,Earth3_Position_weekly,Earth3_Position_trend,Earth3_Position_Weekly_trend,BBandBot,BBandTop,BBbandBot_Wly,BBandTop_Wkl,fib1,fib2 P,fib3,fib4 P,fib5 P,MA20,MA100,MA200,pricevsFib,Mo_hinh_nen
BFC,4/1/2020,10.20,59250.00,0.0200,0.0031,-0.1673,-0.1673,-0.2911,-0.4736,-0.7000,0.00,0.00,0.00,0.0000,1.0000,-0.0760,-0.2609,3.0000,-0.1332,-0.1978,0,0,5.33,19.88,0,1,9.70,11.77,10.12,12.72,11.56,11.13,10.78,10.43,9.94,11.04,12.07,13.80,5,
BID,4/1/2020,32.10,1190960.00,0.0405,-0.1253,-0.3148,-0.4216,-0.4216,-0.4216,-0.4216,0.00,0.00,0.00,1.0000,0.0000,-0.1009,-0.1961,2.0000,-0.1127,-0.4740,0,0,6.09,0.00,0,1,29.84,36.18,29.84,61.02,43.06,40.47,38.38,36.28,33.30,35.70,43.92,39.93,0,
AAA,4/1/2020,9.99,923390.00,0.0639,-0.4726,-0.2103,-0.2489,-0.3717,-0.4657,-0.6050,0.00,0.00,0.00,0.0000,0.0000,-0.0621,-0.3185,2.0000,-0.1112,-0.2846,0,0,4.63,3.32,0,1,9.35,11.24,9.73,13.96,12.03,11.49,11.05,10.61,9.99,10.65,12.70,14.66,0,
ANV,4/1/2020,13.00,167770.00,0.0359,0.0720,-0.2758,-0.4170,-0.4961,-0.5365,-0.6003,0.00,0.00,0.00,0.0000,0.0000,-0.1598,-0.4394,0.0000,-0.2456,-0.4760,0,0,0.00,0.00,0,1,12.63,17.23,12.83,24.81,16.69,15.76,15.00,14.24,13.17,15.47,20.48,23.19,0,Piercing_pattern
BCC,4/1/2020,5.20,161200.00,0.0196,-0.1036,-0.2121,-0.2676,-0.2973,-0.4222,-0.8609,0.00,0.00,0.00,0.0000,0.0000,-0.0893,-0.2827,2.0000,-0.1537,-0.3193,0,0,4.96,0.00,0,1,4.91,6.14,5.21,7.64,6.30,6.05,5.85,5.65,5.36,5.71,6.67,7.25,0,
APC,4/1/2020,13.60,6210.00,0.0462,-0.3869,-0.2609,-0.3234,-0.3996,-0.5245,-0.8502,0.00,0.00,0.00,0.0000,0.0000,-0.0900,-0.3685,0.0000,-0.1240,-0.4021,0,0,3.52,0.00,0,1,12.85,15.52,13.19,22.75,17.43,16.56,15.85,15.14,14.13,14.94,18.91,21.54,0,
BSR,4/1/2020,5.00,2092997.00,0.0417,-0.3299,-0.3976,-0.4048,-0.5098,-0.6154,-0.8403,0.00,0.00,0.00,0.0000,0.0000,-0.2114,-0.4565,1.0000,-0.3258,-0.4582,0,0,0.55,0.00,0,1,4.46,7.42,5.36,9.23,7.50,6.95,6.50,6.05,5.41,6.34,8.04,9.20,0,
BSQ,4/1/2020,22.00,0.00,0.0000,-1.0000,-0.1473,-0.1473,-0.2281,-0.2281,-0.2667,0.00,0.00,0.00,1.0000,1.0000,-0.0439,-0.1235,4.0000,-0.0984,-0.2112,0,0,23.00,16.17,0,1,21.21,24.40,19.87,27.89,26.64,25.18,24.00,22.82,21.14,23.01,24.98,25.10,0,/ndoji_standard
BSI,4/1/2020,8.37,2120.00,0.0462,-0.7859,-0.0802,-0.1281,-0.1281,-0.1281,-0.3690,3.00,0.00,0.00,1.0000,1.0000,-0.0030,0.1282,1.0000,-0.0459,-0.1564,1,5,35.42,48.61,0,1,7.89,8.77,7.16,9.92,8.69,8.43,8.23,8.02,7.72,8.40,7.92,7.42,3,Piercing_pattern
BBC,4/1/2020,45.05,350.00,0.0239,-0.5409,-0.1167,-0.2479,-0.2883,-0.3423,-0.6449,0.00,0.00,0.00,0.0000,0.0000,-0.0277,-0.2555,5.0000,-0.0896,-0.2992,1,0,7.09,0.97,0,1,41.47,49.49,42.77,64.28,48.52,46.99,45.75,44.51,42.75,46.33,56.31,60.51,4,Piercing_pattern
BMP,4/1/2020,35.00,71850.00,0.0309,-0.6208,-0.1657,-0.2291,-0.3303,-0.3352,-0.6266,0.00,0.00,0.00,1.0000,0.0000,-0.0448,-0.2396,7.0000,-0.0719,-0.2921,0,0,16.01,0.00,0,1,33.02,37.71,33.63,49.44,40.56,39.12,37.95,36.78,35.12,36.64,44.17,46.03,0,
CEO,4/1/2020,6.10,453560.00,0.0339,-0.3016,-0.2738,-0.3297,-0.3646,-0.4455,-0.5957,0.00,0.00,0.00,0.0000,0.0000,-0.1159,-0.3450,3.0000,-0.1716,-0.4025,0,0,2.70,0.00,0,1,5.80,7.36,6.06,10.21,7.82,7.39,7.05,6.71,6.22,6.90,8.51,9.31,0,/ndoji_standard
BVH,4/1/2020,39.55,640300.00,0.0689,0.1524,-0.2899,-0.4097,-0.4668,-0.5444,-0.6236,0.00,0.00,0.00,1.0000,0.0000,-0.0365,-0.4223,0.0000,-0.0728,-0.4968,0,0,33.15,0.22,1,1,32.68,42.66,32.62,78.60,50.56,47.07,44.25,41.43,37.41,41.05,60.62,68.46,5,
CSV,4/1/2020,18.20,53030.00,0.0282,-0.4313,-0.1435,-0.1802,-0.1802,-0.3264,-0.4760,0.00,0.00,0.00,0.0000,0.0000,-0.0464,-0.1775,7.0000,-0.0736,-0.2112,0,0,7.58,0.00,0,1,17.51,19.64,17.93,23.07,20.38,19.81,19.35,18.89,18.23,19.09,20.63,22.13,0,
ACB,4/1/2020,18.60,2761168.00,0.0449,-0.5544,-0.2791,-0.3008,-0.3008,-0.3008,-0.5243,0.00,0.00,0.00,0.0000,0.0000,-0.1247,-0.1948,1.0000,-0.1849,-0.3207,1,0,0.00,0.00,0,1,17.61,22.82,18.99,27.38,23.97,22.47,21.25,20.03,18.30,21.25,23.29,23.10,5,Piercing_pattern
BVS,4/1/2020,8.10,67900.00,0.0253,0.1434,-0.1474,-0.2569,-0.2569,-0.2823,-0.9370,0.00,0.00,0.00,0.0000,0.0000,-0.0674,-0.2103,2.0000,-0.1065,-0.2757,0,0,0.00,0.00,0,1,7.93,9.07,8.08,11.18,9.10,8.85,8.65,8.45,8.16,8.69,9.77,10.26,0,
CTD,4/1/2020,45.10,217950.00,0.0033,0.0401,-0.3557,-0.3557,-0.3995,-0.5956,-0.7990,0.00,0.00,0.00,0.0000,1.0000,-0.1820,-0.4219,1.0000,-0.2255,-0.3493,0,0,0.00,23.66,0,1,45.08,58.23,43.15,69.31,64.55,60.62,57.45,54.28,49.76,55.13,59.87,78.02,0,/ndoji_standard
CII,4/1/2020,18.70,401430.00,0.0331,-0.3797,-0.1762,-0.2667,-0.2808,-0.2808,-0.5371,0.00,0.00,0.00,0.0000,0.0000,-0.0635,-0.1673,4.0000,-0.1230,-0.3041,0,0,8.53,0.00,0,1,17.42,21.32,18.06,26.87,21.50,20.70,20.05,19.40,18.48,19.97,22.78,22.46,5,
CTI,4/1/2020,21.45,53470.00,0.0118,-0.5249,-0.0250,-0.0633,-0.1386,-0.1621,-0.4323,0.00,0.00,0.00,0.0000,1.0000,-0.0071,-0.0639,24.0000,-0.0257,-0.0661,1,0,16.02,34.11,0,1,20.97,22.01,20.67,22.97,21.10,20.55,20.10,19.65,19.01,21.60,22.18,22.92,1,
CTS,4/1/2020,5.66,26770.00,0.0679,-0.7870,-0.1914,-0.2351,-0.2854,-0.3403,-0.6841,0.00,0.00,0.00,0.0000,0.0000,-0.0932,-0.2642,0.0000,-0.1896,-0.2899,0,0,6.92,0.00,0,1,5.09,6.98,5.70,7.97,6.58,6.27,6.02,5.76,5.40,6.24,7.17,7.69,5,
CVT,4/1/2020,15.30,55110.00,0.0200,-0.7661,-0.2031,-0.2783,-0.3433,-0.3598,-0.5956,0.00,0.00,0.00,1.0000,0.0000,-0.0455,-0.2459,7.0000,-0.0508,-0.3394,0,0,13.78,0.00,0,1,14.58,16.12,14.65,23.16,18.13,17.41,16.83,16.24,15.41,16.03,19.74,20.29,0,
CTG,4/1/2020,18.30,5514550.00,0.0640,-0.2350,-0.3081,-0.3405,-0.3405,-0.3405,-0.5146,0.00,0.00,0.00,0.0000,0.0000,-0.1224,-0.1594,2.0000,-0.1831,-0.3705,0,0,3.33,11.52,0,1,16.72,22.40,17.68,29.07,24.43,22.93,21.73,20.52,18.79,20.85,22.58,21.77,0,
DCL,4/1/2020,18.20,107010.00,0.0111,-0.2703,-0.1727,-0.3000,-0.4312,-0.4312,-0.4312,0.00,0.00,0.00,0.0000,0.0000,-0.0927,-0.1011,2.0000,-0.1778,-0.3737,1,0,0.00,5.09,0,1,17.70,22.14,16.83,29.06,21.07,20.24,19.58,18.91,17.96,20.06,22.92,20.25,5,
DBC,4/1/2020,19.30,217860.00,0.0266,-0.3070,-0.0178,-0.1572,-0.2341,-0.2417,-0.4050,1.00,0.00,0.00,2.0000,0.0000,0.0594,-0.1388,1.0000,-0.0065,-0.2375,0,0,88.26,0.00,1,1,16.39,19.43,16.02,25.31,19.04,18.38,17.85,17.32,16.56,18.22,21.82,22.41,1,
DGC,4/1/2020,19.90,36195.00,0.0258,-0.7432,-0.1844,-0.2227,-0.3044,-0.3701,-0.5439,0.00,0.00,0.00,0.0000,0.0000,-0.0983,-0.2325,1.0000,-0.1611,-0.2549,0,0,0.94,0.43,0,1,19.45,23.72,20.72,26.71,23.21,22.29,21.55,20.81,19.75,22.07,24.58,25.93,5,
DCM,4/1/2020,5.55,246240.00,0.0452,-0.5538,-0.1134,-0.1148,-0.2376,-0.2912,-0.5498,0.00,0.00,0.00,1.0000,1.0000,-0.0242,-0.1867,2.0000,-0.0734,-0.1635,0,0,23.49,13.35,0,1,5.20,5.99,5.33,6.63,6.05,5.87,5.72,5.57,5.36,5.69,6.29,6.82,5,
DIG,4/1/2020,10.70,2103820.00,0.0338,0.2370,-0.2132,-0.2132,-0.2357,-0.2914,-0.7035,0.00,0.00,0.00,0.0000,0.0000,-0.0768,-0.1867,2.0000,-0.1129,-0.2580,1,0,2.84,3.89,0,1,10.24,12.06,10.54,14.42,12.86,12.28,11.81,11.34,10.67,11.59,12.81,13.16,5,
DXG,4/1/2020,7.77,2405020.00,0.0026,-0.0199,-0.4328,-0.4328,-0.5233,-0.5547,-0.7194,0.00,0.00,0.00,0.0000,0.0000,-0.2620,-0.4487,0.0000,-0.3554,-0.5063,1,0,0.00,0.00,0,1,7.53,12.05,8.45,15.74,12.17,11.22,10.45,9.69,8.60,10.53,13.03,14.09,0,
FTS,4/1/2020,10.20,19910.00,0.0099,-0.7868,-0.2500,-0.2500,-0.2500,-0.2609,-0.4007,0.00,0.00,0.00,0.0000,1.0000,-0.1407,-0.1689,0.0000,-0.2339,-0.2597,0,0,2.86,36.76,0,1,9.67,13.32,10.22,13.78,12.95,12.27,11.73,11.18,10.40,11.87,12.06,12.27,0,
DHA,4/1/2020,27.30,46010.00,-0.0667,8.2469,-0.1587,-0.1600,-0.1677,-0.2232,-0.2232,0.00,0.00,0.00,1.0000,0.0000,-0.0800,-0.1303,0.0000,-0.1078,-0.2029,0,0,27.41,0.00,0,1,27.23,30.60,27.40,34.25,31.21,30.44,29.83,29.21,28.32,29.67,31.01,31.39,0,
DHG,4/1/2020,79.00,21450.00,0.0000,-0.4750,-0.1684,-0.2300,-0.2300,-0.2718,-0.3506,0.00,0.00,0.00,1.0000,0.0000,-0.0447,-0.1601,5.0000,-0.0788,-0.2362,0,0,38.36,0.00,0,1,73.91,85.76,76.82,103.43,90.05,86.68,83.95,81.22,77.34,82.70,91.71,94.06,0,
FCN,4/1/2020,7.26,620370.00,0.0692,-0.0066,-0.2382,-0.2951,-0.4000,-0.4907,-0.6477,0.00,0.00,0.00,1.0000,0.0000,-0.0437,-0.3477,0.0000,-0.0534,-0.3688,0,0,13.48,0.00,0,1,6.64,7.67,6.77,11.50,8.84,8.39,8.03,7.67,7.15,7.59,9.60,11.13,5,
FMC,4/1/2020,16.40,42650.00,0.0282,-0.5749,-0.2961,-0.3716,-0.3846,-0.4191,-0.4224,0.00,0.00,0.00,0.0000,0.0000,-0.1523,-0.3440,2.0000,-0.2254,-0.4520,1,0,0.13,0.00,0,1,15.55,21.17,16.60,29.93,21.39,20.21,19.25,18.29,16.93,19.35,24.17,25.00,0,
EIB,4/1/2020,15.20,532880.00,0.0375,0.5271,-0.1314,-0.1532,-0.1936,-0.1936,-0.1936,0.00,0.00,0.00,0.0000,0.0000,-0.0590,-0.1204,1.0000,-0.0969,-0.1826,0,0,1.18,0.00,0,1,14.88,16.83,15.41,18.59,16.83,16.29,15.85,15.41,14.79,16.15,17.19,17.28,5,Piercing_pattern
DPM,4/1/2020,12.25,1259170.00,0.0699,0.4259,-0.0392,-0.0392,-0.1373,-0.2598,-0.7092,2.00,1.00,0.00,1.0000,1.0000,0.0484,-0.0883,5.0000,0.0043,-0.0737,4,0,68.29,7.88,1,1,10.88,12.20,11.14,13.22,12.39,12.01,11.70,11.39,10.96,11.69,12.56,13.44,2,
GAS,4/1/2020,56.10,577930.00,0.0237,-0.1454,-0.2817,-0.4089,-0.4829,-0.4830,-0.5513,0.00,0.00,0.00,1.0000,0.0000,-0.0798,-0.4085,2.0000,-0.0836,-0.4924,0,0,12.77,0.00,0,1,53.36,61.22,50.10,110.53,73.84,70.03,66.95,63.87,59.49,60.97,87.66,94.84,0,
HDB,4/1/2020,18.95,752190.00,0.0646,-0.5986,-0.3268,-0.3673,-0.3673,-0.3673,-0.6208,0.00,0.00,0.00,1.0000,0.0000,-0.1274,-0.2906,1.0000,-0.1933,-0.4335,0,0,8.07,0.00,0,1,16.78,23.49,18.69,33.45,25.69,23.86,22.38,20.89,18.79,21.72,26.68,26.71,5,
FPT,4/1/2020,42.30,1453030.00,0.0292,-0.3466,-0.2378,-0.2513,-0.3066,-0.3066,-0.3066,0.00,0.00,0.00,1.0000,0.0000,-0.1034,-0.2060,2.0000,-0.1692,-0.3256,0,0,8.60,0.00,1,1,40.04,50.91,42.83,62.72,52.17,49.86,48.00,46.14,43.48,47.18,54.39,53.28,0,
HBC,4/1/2020,6.40,3910300.00,0.0631,0.2580,-0.4047,-0.4530,-0.4980,-0.5937,-0.8367,0.00,0.00,0.00,1.0000,0.0000,-0.2012,-0.4803,2.0000,-0.2748,-0.5262,0,0,2.24,0.00,0,1,5.85,8.83,6.50,13.51,9.85,9.08,8.45,7.83,6.94,8.01,10.51,12.31,0,
GIL,4/1/2020,15.30,11330.00,0.0373,-0.8204,-0.2093,-0.2998,-0.2998,-0.4396,-0.5988,0.00,0.00,0.00,1.0000,0.0000,-0.0815,-0.2575,1.0000,-0.1277,-0.2753,0,0,8.89,0.25,0,1,14.79,17.54,14.36,21.11,18.26,17.55,16.98,16.40,15.59,16.66,18.10,20.61,0,
HCM,4/1/2020,11.90,1466530.00,0.0673,-0.0154,-0.3444,-0.4640,-0.5281,-0.5281,-0.7108,0.00,0.00,0.00,1.0000,0.0000,-0.1508,-0.4304,2.0000,-0.2035,-0.5194,0,0,4.05,0.00,0,1,11.13,14.94,11.37,24.76,16.76,15.62,14.70,13.78,12.47,14.01,19.76,20.89,0,
HVN,4/1/2020,18.50,1344060.00,0.0393,0.3162,-0.2829,-0.4360,-0.4925,-0.5786,-0.6763,0.00,0.00,0.00,0.0000,0.0000,-0.1040,-0.4507,2.0000,-0.1501,-0.5088,0,0,3.20,0.00,0,1,17.35,21.77,16.07,37.67,23.92,22.69,21.70,20.71,19.30,20.65,29.46,33.68,0,
HDG,4/1/2020,16.95,174430.00,0.0335,-0.6665,-0.3616,-0.4331,-0.5118,-0.5308,-0.5308,0.00,0.00,0.00,0.0000,0.0000,-0.1522,-0.4548,2.0000,-0.2005,-0.5219,0,0,4.36,0.00,1,1,15.59,21.20,16.46,35.45,24.33,22.74,21.45,20.16,18.33,19.99,28.21,31.09,0,
HSG,4/1/2020,4.86,4001500.00,0.0681,0.0347,-0.3688,-0.4588,-0.4588,-0.4588,-0.8132,0.00,0.00,0.00,1.0000,0.0000,-0.1745,-0.3376,2.0000,-0.2625,-0.5087,0,0,3.23,0.00,0,1,4.32,6.59,4.86,9.89,7.02,6.51,6.10,5.69,5.10,5.89,7.59,7.34,0,
HPG,4/1/2020,17.25,4859650.00,0.0237,-0.4845,-0.2299,-0.3441,-0.3441,-0.3441,-0.5293,0.00,0.00,0.00,1.0000,0.0000,-0.0865,-0.2297,1.0000,-0.1506,-0.3883,0,0,12.22,0.00,1,1,15.67,20.31,16.43,28.20,20.90,19.82,18.95,18.08,16.83,18.88,22.60,22.39,5,
GMD,4/1/2020,14.95,225870.00,0.0000,-0.4356,-0.2214,-0.3063,-0.4228,-0.4540,-0.7581,0.00,0.00,0.00,0.0000,0.0000,-0.0959,-0.3583,2.0000,-0.1305,-0.3894,0,0,2.42,0.00,0,1,14.66,17.19,14.26,24.49,18.15,17.38,16.75,16.12,15.23,16.53,21.02,23.30,0,
HT1,4/1/2020,10.60,81760.00,0.0600,-0.1280,-0.2482,-0.2886,-0.3183,-0.3253,-0.6735,0.00,0.00,0.00,0.0000,0.0000,-0.1091,-0.2615,2.0000,-0.1873,-0.3645,0,0,3.57,0.00,0,1,9.77,13.04,10.79,16.68,13.33,12.66,12.13,11.59,10.82,11.90,14.16,14.35,0,
IDI,4/1/2020,2.90,897260.00,0.0175,-0.0232,-0.3570,-0.4212,-0.4708,-0.5276,-0.7354,0.00,0.00,0.00,0.0000,0.0000,-0.2202,-0.4336,1.0000,-0.3157,-0.4891,1,0,0.00,0.00,0,1,2.83,4.24,3.07,5.68,4.14,3.86,3.64,3.42,3.10,3.72,4.67,5.12,0,Piercing_pattern
LDG,4/1/2020,4.16,18723660.00,0.0024,4.4315,-0.3971,-0.4800,-0.6112,-0.6444,-0.7667,0.00,0.00,0.00,0.0000,0.0000,-0.2781,-0.5096,1.0000,-0.4143,-0.5502,1,0,0.00,4.65,0,1,3.94,7.10,4.30,9.25,6.18,5.74,5.38,5.02,4.51,5.76,7.63,8.48,0,
KBC,4/1/2020,11.75,1133120.00,0.0586,-0.4865,-0.2114,-0.2320,-0.2813,-0.2813,-0.8956,0.00,0.00,0.00,1.0000,0.0000,-0.0257,-0.1916,5.0000,-0.0704,-0.3194,0,0,27.67,0.00,1,1,10.16,12.64,10.91,17.26,13.82,13.09,12.50,11.91,11.07,12.06,14.40,14.53,5,
KSB,4/1/2020,12.35,523710.00,0.0123,-0.4850,-0.4034,-0.4034,-0.4034,-0.5040,-0.7548,0.00,0.00,0.00,1.0000,1.0000,-0.1823,-0.3642,3.0000,-0.2614,-0.4071,0,0,2.69,10.43,1,1,11.01,16.72,11.91,20.83,18.84,17.41,16.25,15.09,13.45,15.10,16.74,19.42,0,
KDH,4/1/2020,18.40,256170.00,-0.0054,-0.0962,-0.2581,-0.2896,-0.3235,-0.3235,-0.3833,0.00,0.00,0.00,0.0000,0.0000,-0.1173,-0.2504,2.0000,-0.1611,-0.3670,0,0,0.00,0.00,0,1,17.81,21.93,18.61,29.07,23.12,22.04,21.17,20.31,19.07,20.84,24.89,24.55,0,
KDC,4/1/2020,15.00,208600.00,0.0417,0.3053,-0.1803,-0.2188,-0.2843,-0.3094,-0.6402,0.00,0.00,0.00,0.0000,0.0000,-0.0820,-0.1994,1.0000,-0.1317,-0.2835,0,0,0.00,0.00,0,1,14.52,17.28,15.00,20.94,17.33,16.73,16.25,15.77,15.08,16.34,18.52,18.74,0,
IMP,4/1/2020,43.05,14150.00,0.0153,-0.8649,-0.2966,-0.3056,-0.3056,-0.3056,-0.3912,0.00,0.00,0.00,1.0000,1.0000,-0.1534,-0.1450,3.0000,-0.2534,-0.3261,0,0,4.72,29.14,1,1,38.45,57.66,40.76,63.88,56.99,53.58,50.83,48.07,44.15,50.85,52.52,50.35,0,
LCG,4/1/2020,3.95,273010.00,0.0676,-0.1296,-0.4148,-0.4740,-0.5303,-0.5847,-0.8632,0.00,0.00,0.00,0.0000,0.0000,-0.2220,-0.4934,1.0000,-0.3195,-0.5635,0,0,0.74,0.00,0,1,3.49,5.80,3.91,9.05,6.07,5.60,5.22,4.85,4.31,5.08,7.06,7.80,0,
MBS,4/1/2020,9.00,46800.00,0.0714,-0.4216,-0.1743,-0.2920,-0.3592,-0.3711,-0.5520,0.00,0.00,0.00,1.0000,0.0000,-0.0185,-0.2875,1.0000,-0.0558,-0.3889,0,0,19.09,0.00,1,1,8.15,9.53,8.16,14.73,10.65,10.12,9.70,9.28,8.67,9.17,11.97,12.63,5,
LAS,4/1/2020,5.00,50200.00,0.0000,0.9892,-0.1379,-0.1935,-0.2754,-0.3506,-0.7379,0.00,0.00,0.00,0.0000,0.0000,-0.0758,-0.2281,2.0000,-0.1305,-0.2428,0,0,0.00,0.00,0,1,4.92,5.75,5.00,6.60,5.56,5.42,5.30,5.18,5.01,5.41,5.99,6.48,0,
MCH,4/1/2020,58.50,21030.00,0.0263,0.3322,-0.1269,-0.1583,-0.2883,-0.3211,-0.3602,0.00,0.00,0.00,1.0000,0.0000,-0.0159,-0.1968,6.0000,-0.0257,-0.2369,0,0,47.16,0.00,0,1,54.50,60.04,54.97,76.66,63.61,61.20,59.25,57.30,54.53,59.44,68.52,72.84,0,
MWG,4/1/2020,61.20,1604700.00,0.0390,0.0835,-0.4226,-0.4866,-0.5127,-0.5219,-0.5219,0.00,0.00,0.00,0.0000,0.0000,-0.2131,-0.4417,2.0000,-0.2882,-0.5588,0,0,1.97,0.00,0,1,56.65,85.98,62.19,138.71,94.73,87.39,81.45,75.51,67.06,77.78,105.69,109.63,0,
MPC,4/1/2020,18.00,20510.00,0.0169,-0.7258,-0.2035,-0.2174,-0.2174,-0.4753,-0.6432,0.00,0.00,0.00,0.0000,1.0000,-0.0710,-0.2370,3.0000,-0.1286,-0.2158,0,0,6.60,16.06,0,1,17.20,20.66,17.67,22.95,21.33,20.35,19.57,18.78,17.66,19.38,19.99,23.59,0,
NKG,4/1/2020,4.62,922390.00,0.0500,-0.0898,-0.4400,-0.5137,-0.5333,-0.5333,-0.8540,0.00,0.00,0.00,0.0000,0.0000,-0.2220,-0.3013,2.0000,-0.3138,-0.5689,0,0,0.72,3.98,0,1,4.00,6.73,4.45,10.72,7.41,6.83,6.37,5.90,5.23,5.94,7.15,6.61,0,
NVL,4/1/2020,51.80,462500.00,-0.0019,-0.2664,-0.0407,-0.0750,-0.1294,-0.1906,-0.3359,0.00,0.00,0.00,1.0000,0.0000,-0.0079,-0.1052,27.0000,-0.0217,-0.1058,0,0,62.66,1.79,1,1,50.71,52.95,50.66,57.93,53.23,52.44,51.80,51.16,50.26,52.22,55.14,57.89,3,/ndoji_standard
OIL,4/1/2020,6.10,338939.00,0.0167,-0.2590,-0.1408,-0.2469,-0.4135,-0.5041,-0.7479,0.00,0.00,0.00,0.0000,0.0000,-0.0484,-0.3629,1.0000,-0.0798,-0.2858,1,0,6.85,2.41,0,1,5.98,6.63,5.83,8.54,6.75,6.53,6.35,6.17,5.92,6.41,7.98,9.57,5,
MBB,4/1/2020,14.25,6406330.00,0.0517,-0.0859,-0.3133,-0.3638,-0.3949,-0.3949,-0.4888,0.00,0.00,0.00,0.0000,0.0000,-0.1366,-0.3187,2.0000,-0.1976,-0.4321,0,0,3.43,0.00,0,1,13.20,17.76,14.39,25.09,19.11,17.97,17.05,16.13,14.82,16.51,20.60,20.92,0,
MSN,4/1/2020,49.20,1725880.00,0.0041,-0.4235,-0.0956,-0.0956,-0.3594,-0.4252,-0.5707,0.00,0.00,0.00,1.0000,0.0000,-0.0153,-0.2727,14.0000,-0.0133,-0.1566,3,0,41.17,4.42,1,1,48.75,49.86,46.07,58.34,54.35,52.83,51.60,50.37,48.63,49.96,56.90,67.65,0,
PLX,4/1/2020,38.90,595360.00,0.0658,0.1426,-0.1854,-0.2849,-0.3182,-0.3792,-0.5193,1.00,1.00,0.00,1.0000,0.0000,0.0048,-0.2819,1.0000,-0.0286,-0.3598,0,0,41.88,0.00,1,1,33.96,40.05,34.44,60.76,44.78,42.64,40.92,39.19,36.74,38.71,49.90,54.17,5,
NLG,4/1/2020,20.80,704420.00,0.0400,-0.0751,-0.2076,-0.2598,-0.2613,-0.2865,-0.3841,0.00,0.00,0.00,1.0000,0.0000,-0.0453,-0.2220,4.0000,-0.1083,-0.3131,0,0,31.36,0.00,0,1,18.16,23.33,20.09,30.28,24.42,23.14,22.10,21.06,19.58,21.79,25.86,26.73,5,
POW,4/1/2020,7.36,2786690.00,0.0381,-0.2224,-0.2784,-0.3369,-0.4647,-0.5386,-0.5865,0.00,0.00,0.00,0.0000,0.0000,-0.1289,-0.4000,2.0000,-0.2097,-0.4189,0,0,2.84,0.00,0,1,6.79,9.31,7.37,12.67,9.56,9.04,8.63,8.21,7.61,8.45,11.03,12.27,0,
NNC,4/1/2020,41.30,18960.00,-0.0236,0.8293,-0.1657,-0.1657,-0.1657,-0.1721,-0.1721,0.00,0.00,0.00,1.0000,0.0000,-0.0836,-0.1293,3.0000,-0.1248,-0.2083,0,0,4.25,0.00,0,1,40.54,47.19,42.53,52.17,47.31,45.95,44.85,43.75,42.19,45.07,47.63,47.43,0,
PDR,4/1/2020,24.90,475220.00,0.0000,0.1883,-0.0460,-0.0604,-0.0752,-0.0752,-0.1147,0.00,0.00,0.00,0.0000,0.0000,-0.0158,-0.0186,17.0000,-0.0270,-0.0688,1,0,4.76,6.00,0,1,24.69,25.59,24.79,26.74,25.50,25.13,24.83,24.52,24.10,25.30,25.63,25.37,3,/ndoji_standard
PAC,4/1/2020,16.70,48440.00,-0.0176,1.0128,-0.2739,-0.3211,-0.3527,-0.5271,-0.6414,0.00,0.00,0.00,0.0000,0.0000,-0.1701,-0.3638,1.0000,-0.2534,-0.3962,0,0,0.00,0.00,0,1,16.49,22.37,17.73,27.66,21.52,20.54,19.75,18.96,17.83,20.12,23.62,26.25,0,
PVD,4/1/2020,7.05,3630560.00,0.0444,-0.2049,-0.4382,-0.5284,-0.5841,-0.6220,-0.9058,0.00,0.00,0.00,0.0000,0.0000,-0.2230,-0.5378,1.0000,-0.2897,-0.6028,0,0,0.57,0.00,0,1,6.68,9.92,6.91,17.75,11.40,10.51,9.78,9.06,8.03,9.07,13.49,15.25,0,
OPC,4/1/2020,47.50,130.00,-0.0404,-0.9411,-0.0404,-0.0404,-0.0404,-0.0665,-0.1727,5.00,0.00,0.00,2.0000,1.0000,0.0211,0.0224,3.0000,-0.0354,-0.0079,0,0,91.50,67.65,0,1,44.53,49.24,43.37,47.88,50.33,48.74,47.45,46.16,44.33,46.52,45.54,46.46,0,
QNS,4/1/2020,23.20,173968.00,0.0357,-0.3545,-0.1212,-0.1856,-0.2123,-0.2782,-0.6206,0.00,0.00,0.00,1.0000,0.0000,-0.0011,-0.1656,4.0000,-0.0588,-0.2109,0,0,45.72,0.00,1,1,20.40,24.65,22.26,29.40,25.04,24.08,23.30,22.52,21.41,23.23,26.65,27.81,4,
PNJ,4/1/2020,48.60,545620.00,0.0588,-0.3474,-0.3959,-0.4561,-0.4602,-0.4602,-0.5018,0.00,0.00,0.00,0.0000,0.0000,-0.1684,-0.3759,2.0000,-0.2161,-0.5293,0,0,2.81,0.00,0,1,44.30,62.00,47.82,103.26,72.23,66.84,62.49,58.14,51.94,58.44,77.76,77.87,0,
PVS,4/1/2020,9.40,3625814.00,0.0444,-0.1980,-0.3896,-0.4863,-0.5130,-0.5976,-0.7871,0.00,0.00,0.00,0.0000,0.0000,-0.1596,-0.4841,1.0000,-0.1904,-0.5574,0,0,0.51,0.00,0,1,9.04,11.61,9.08,21.24,13.91,12.80,11.90,11.00,9.73,11.19,16.12,18.22,0,
PVT,4/1/2020,8.09,566900.00,0.0306,-0.5359,-0.3554,-0.4534,-0.5480,-0.5603,-0.6709,0.00,0.00,0.00,1.0000,0.0000,-0.1202,-0.4811,5.0000,-0.1588,-0.5644,0,0,10.97,0.00,0,1,7.18,9.62,6.97,18.57,11.32,10.55,9.94,9.32,8.44,9.19,14.27,15.59,0,
SAB,4/1/2020,123.10,33750.00,0.0008,-0.4431,-0.2716,-0.4607,-0.5177,-0.5636,-0.6172,0.00,0.00,0.00,1.0000,0.0000,-0.1006,-0.4711,5.0000,-0.1827,-0.5282,0,0,22.69,0.00,0,1,108.47,150.62,105.97,260.92,156.19,147.65,140.75,133.85,124.02,136.87,201.07,232.74,0,
PVI,4/1/2020,28.30,65630.00,0.0404,-0.2114,-0.0871,-0.1265,-0.1265,-0.2889,-0.4629,0.00,0.00,0.00,1.0000,0.0000,-0.0120,-0.1446,10.0000,-0.0631,-0.1629,0,0,36.57,0.00,1,1,25.91,30.21,27.45,33.81,29.63,28.78,28.10,27.42,26.44,28.65,30.96,33.08,3,
SCR,4/1/2020,3.80,1878180.00,0.0585,-0.4426,-0.2803,-0.3202,-0.3750,-0.4454,-0.7518,0.00,0.00,0.00,0.0000,0.0000,-0.1104,-0.3363,1.0000,-0.1497,-0.4009,0,0,2.89,0.00,0,1,3.62,4.47,3.69,6.34,4.91,4.63,4.40,4.17,3.85,4.27,5.22,5.73,0,Piercing_pattern
SHS,4/1/2020,6.10,1090562.00,0.0702,-0.2789,-0.2824,-0.2824,-0.2989,-0.4135,-0.6659,0.00,0.00,0.00,0.0000,0.0000,-0.0923,-0.2414,2.0000,-0.1477,-0.2813,1,0,7.62,0.69,0,1,5.60,7.16,5.99,8.49,8.15,7.62,7.20,6.78,6.17,6.72,7.48,8.04,0,
SLS,4/1/2020,41.50,2500.00,0.0122,-0.5741,-0.2655,-0.3615,-0.3615,-0.3615,-0.6947,1.00,1.00,0.00,1.0000,1.0000,-0.0751,0.0091,0.0000,-0.1078,-0.3303,1,0,8.56,16.72,0,1,38.92,46.52,31.51,61.97,53.68,50.51,47.95,45.39,41.74,44.87,45.43,41.12,0,
SHB,4/1/2020,12.90,3776573.00,0.0574,-0.7495,0.0000,0.0000,0.0000,0.0000,-0.2253,5.00,0.00,0.00,1.0000,2.0000,0.0923,1.0400,5.0000,-0.0104,-0.0835,0,0,83.57,95.96,0,1,10.76,13.04,2.80,14.08,11.31,10.14,9.19,8.25,6.90,11.81,7.24,6.32,0,
TCB,4/1/2020,15.50,1316380.00,0.0333,-0.5442,-0.3126,-0.3595,-0.3837,-0.3837,-0.5734,0.00,0.00,0.00,1.0000,0.0000,-0.1277,-0.2965,2.0000,-0.1781,-0.4253,1,0,3.20,0.00,0,1,14.54,18.86,15.58,26.97,20.76,19.47,18.42,17.38,15.89,17.77,22.09,22.03,0,
SBT,4/1/2020,12.70,1480530.00,0.0000,-0.3510,-0.3923,-0.4253,-0.4253,-0.4253,-0.6625,0.00,0.00,0.00,1.0000,0.0000,-0.1761,-0.2859,4.0000,-0.2465,-0.4590,0,0,9.96,0.00,0,1,11.22,16.85,12.69,23.48,18.74,17.38,16.28,15.17,13.60,15.41,18.38,17.78,0,/ndoji_standard
REE,4/1/2020,28.30,365330.00,0.0366,-0.5125,-0.1265,-0.1975,-0.2288,-0.2511,-0.2562,0.00,0.00,0.00,0.0000,0.0000,-0.0288,-0.1548,7.0000,-0.0704,-0.2365,0,0,9.11,4.61,0,1,26.70,30.44,27.38,37.07,31.26,30.27,29.47,28.68,27.54,29.14,33.16,33.48,5,
TCM,4/1/2020,11.80,336430.00,0.0351,-0.4555,-0.3481,-0.4544,-0.4544,-0.5757,-0.7268,0.00,0.00,0.00,0.0000,0.0000,-0.1482,-0.4389,2.0000,-0.1979,-0.5116,0,0,2.22,0.00,0,1,10.91,14.71,11.26,24.16,16.68,15.61,14.75,13.89,12.66,13.85,18.37,21.03,0,
SSI,4/1/2020,12.40,3715270.00,0.0690,0.2236,-0.2619,-0.3575,-0.4376,-0.4979,-0.7379,0.00,0.00,0.00,1.0000,0.0000,-0.0957,-0.3745,2.0000,-0.1483,-0.4155,0,0,8.27,0.00,0,1,11.46,14.56,11.90,21.22,15.57,14.72,14.03,13.33,12.35,13.71,17.71,19.82,5,
THG,4/1/2020,41.40,3100.00,0.0122,-0.5979,-0.0854,-0.1251,-0.1251,-0.1251,-0.1251,1.00,1.00,0.00,0.0000,0.0000,-0.0226,0.0024,2.0000,-0.0471,-0.1128,0,0,10.65,11.80,0,1,40.30,43.45,40.53,46.67,44.19,43.27,42.54,41.80,40.75,42.36,42.81,41.30,5,
STB,4/1/2020,7.81,8807420.00,0.0699,-0.2701,-0.3752,-0.3752,-0.3752,-0.3752,-0.7297,0.00,0.00,0.00,1.0000,0.0000,-0.1977,-0.2639,2.0000,-0.2942,-0.3875,0,0,2.22,7.25,0,1,7.17,11.07,8.14,12.75,11.38,10.57,9.91,9.25,8.31,9.73,10.41,10.61,0,
TDH,4/1/2020,6.00,785440.00,0.0363,0.1697,-0.3684,-0.4203,-0.4419,-0.4915,-0.8985,0.00,0.00,0.00,0.0000,0.0000,-0.1713,-0.3838,2.0000,-0.2368,-0.5082,0,0,1.96,0.00,0,1,5.48,7.86,6.05,12.20,8.71,8.12,7.65,7.18,6.51,7.24,9.43,9.74,0,
TNG,4/1/2020,8.10,685816.00,0.0519,-0.1902,-0.4296,-0.4894,-0.4894,-0.6124,-0.6124,0.00,0.00,0.00,0.0000,0.0000,-0.2832,-0.4867,0.0000,-0.4539,-0.5527,0,0,1.81,0.00,0,1,6.45,14.83,9.03,18.11,12.62,11.59,10.75,9.91,8.72,11.30,13.81,15.78,0,
TLG,4/1/2020,26.20,13380.00,-0.0296,-0.1719,-0.3105,-0.3518,-0.3961,-0.5324,-0.6387,0.00,0.00,0.00,0.0000,0.0000,-0.1701,-0.3950,2.0000,-0.2343,-0.4215,0,0,0.81,0.00,1,1,25.27,34.22,27.15,45.29,35.53,33.69,32.20,30.71,28.60,31.57,37.82,43.30,0,
VCI,4/1/2020,14.50,145180.00,0.0211,0.7499,-0.4549,-0.4930,-0.5845,-0.5983,-0.8250,0.00,0.00,0.00,0.0000,0.0000,-0.2554,-0.5281,1.0000,-0.3426,-0.5855,0,0,0.28,0.00,0,1,12.82,22.06,15.19,34.98,23.83,21.99,20.50,19.01,16.90,19.47,27.87,30.73,0,
TV2,4/1/2020,50.20,42790.00,0.0681,-0.2482,-0.2767,-0.3646,-0.4385,-0.4682,-0.4682,0.00,0.00,0.00,0.0000,0.0000,-0.1247,-0.3832,2.0000,-0.2369,-0.4481,0,0,3.03,6.41,0,1,44.31,65.78,48.91,90.96,64.10,60.45,57.50,54.55,50.35,57.35,74.97,81.39,0,
VHM,4/1/2020,54.80,553900.00,-0.0036,-0.4854,-0.3235,-0.3870,-0.4492,-0.4492,-0.4492,0.00,0.00,0.00,0.0000,0.0000,-0.1809,-0.3543,2.0000,-0.2817,-0.4569,0,0,0.25,0.00,0,1,50.10,76.29,57.73,100.90,74.54,70.23,66.75,63.27,58.31,66.90,83.93,84.86,0,
VC3,4/1/2020,15.70,158200.00,0.0129,-0.0699,-0.0368,-0.0765,-0.1421,-0.1421,-0.2842,1.00,1.00,0.00,1.0000,0.0000,0.0116,-0.0072,18.0000,-0.0130,-0.0965,0,0,65.15,5.85,0,1,15.05,15.91,15.20,17.38,15.99,15.80,15.65,15.50,15.28,15.52,16.59,15.81,3,
VCG,4/1/2020,24.60,101620.00,0.0041,-0.3398,-0.0353,-0.0465,-0.0955,-0.1180,-0.4450,0.00,0.00,0.00,1.0000,0.0000,-0.0075,-0.0569,19.0000,-0.0224,-0.0738,0,0,58.33,9.09,1,1,24.16,25.16,23.97,26.56,25.14,24.73,24.40,24.07,23.60,24.78,25.84,26.09,3,
VCS,4/1/2020,54.60,231639.00,0.0302,-0.4305,-0.1971,-0.2718,-0.3831,-0.4832,-0.5682,0.00,0.00,0.00,1.0000,0.0000,-0.0331,-0.2770,5.0000,-0.0532,-0.3121,0,0,24.33,0.00,1,1,50.31,57.67,50.47,79.38,64.37,61.26,58.75,56.24,52.66,56.47,70.31,75.51,5,
TRA,4/1/2020,50.00,2720.00,0.0309,-0.7039,-0.0958,-0.1525,-0.1722,-0.2386,-0.5927,1.00,1.00,0.00,1.0000,0.0000,0.0059,-0.1495,2.0000,-0.0375,-0.2033,0,0,53.97,9.94,0,1,45.66,51.95,47.27,62.76,52.80,50.95,49.45,47.95,45.82,49.71,55.98,58.79,3,
VCB,4/1/2020,65.00,1229320.00,0.0484,-0.1314,-0.2308,-0.3041,-0.3122,-0.3122,-0.3122,0.00,0.00,0.00,1.0000,0.0000,-0.0509,-0.1996,1.0000,-0.1080,-0.3802,0,0,27.39,0.00,1,1,56.01,72.87,60.79,104.88,78.83,74.58,71.15,67.72,62.83,68.49,83.96,81.21,5,
VJC,4/1/2020,99.20,250950.00,0.0206,-0.3416,-0.1935,-0.3229,-0.3306,-0.3306,-0.4633,0.00,0.00,0.00,1.0000,0.0000,-0.0370,-0.2540,13.0000,-0.0401,-0.3896,0,0,20.17,0.00,1,1,94.30,103.34,89.95,162.53,116.65,112.17,108.55,104.93,99.77,103.01,131.99,132.98,0,
VHC,4/1/2020,21.30,137990.00,0.0390,-0.6380,-0.3426,-0.4621,-0.4792,-0.5359,-0.6045,0.00,0.00,0.00,0.0000,0.0000,-0.1377,-0.4438,2.0000,-0.1766,-0.5332,0,0,1.54,0.00,0,1,20.00,25.87,19.65,45.63,29.96,28.07,26.55,25.03,22.86,24.70,34.96,38.29,0,
VPB,4/1/2020,17.25,3686810.00,0.0177,-0.0665,-0.3806,-0.4010,-0.4010,-0.4010,-0.5972,0.00,0.00,0.00,0.0000,1.0000,-0.2032,-0.1881,1.0000,-0.2635,-0.4191,1,0,0.00,20.48,0,1,16.83,23.42,16.36,29.70,25.51,23.69,22.23,20.76,18.66,21.65,22.16,21.25,0,
VIS,4/1/2020,22.00,10.00,0.0329,-0.9298,-0.0795,-0.1235,-0.2086,-0.2171,-0.6479,0.00,0.00,0.00,1.0000,0.0000,-0.0032,-0.0624,1.0000,-0.0893,-0.1589,0,0,70.86,12.30,0,1,19.50,24.16,20.68,26.16,22.65,21.88,21.25,20.62,19.73,22.07,24.09,23.46,0,/ndoji_standard
VRE,4/1/2020,19.25,930870.00,0.0052,-0.6703,-0.3269,-0.4095,-0.4593,-0.4867,-0.6020,0.00,0.00,0.00,1.0000,0.0000,-0.1407,-0.4084,2.0000,-0.2258,-0.5068,0,0,17.71,0.00,0,1,16.74,24.86,18.69,39.03,26.14,24.38,22.95,21.52,19.49,22.40,30.69,32.54,0,
VND,4/1/2020,11.10,265610.00,-0.0220,-0.3552,-0.2292,-0.2649,-0.2649,-0.2885,-0.6507,0.00,0.00,0.00,0.0000,0.0000,-0.1206,-0.2150,3.0000,-0.2027,-0.3024,0,0,0.00,0.00,0,1,10.55,13.92,11.48,15.91,13.51,12.97,12.52,12.08,11.45,12.62,13.84,14.14,0,
VIC,4/1/2020,86.00,437820.00,0.0312,-0.5558,-0.1856,-0.2515,-0.2945,-0.3180,-0.3180,0.00,0.00,0.00,1.0000,0.0000,-0.0297,-0.2468,3.0000,-0.1119,-0.3338,0,0,49.79,0.00,1,1,72.46,96.83,81.90,129.08,96.96,91.42,86.95,82.48,76.11,88.64,109.08,114.17,4,
VNM,4/1/2020,94.00,1155730.00,0.0330,-0.3654,-0.1031,-0.2251,-0.2713,-0.2951,-0.4389,0.00,0.00,0.00,1.0000,0.0000,-0.0116,-0.1992,5.0000,-0.0766,-0.2615,0,0,40.54,0.00,0,1,83.95,101.80,88.05,127.28,100.66,97.42,94.80,92.18,88.45,95.10,111.65,117.39,4,
VNINDEX,4/1/2020,680.23,203313088.00,0.0267,-0.1043,-0.2385,-0.3139,-0.3363,-0.3363,-0.4352,0.00,0.00,0.00,1.0000,0.0000,-0.0862,-0.2834,7.0000,-0.1315,-0.3804,0,0,5.87,0.00,0,1,632.71,783.20,667.03,1097.90,839.59,803.19,773.77,744.34,702.46,744.42,915.99,949.20,0,
